"Date","Source","Site ID","POC","Daily Max 8-hour Ozone Concentration","UNITS","DAILY_AQI_VALUE","Site Name","DAILY_OBS_COUNT","PERCENT_COMPLETE","AQS_PARAMETER_CODE","AQS_PARAMETER_DESC","CBSA_CODE","CBSA_NAME","STATE_CODE","STATE","COUNTY_CODE","COUNTY","SITE_LATITUDE","SITE_LONGITUDE"
"01/01/2019","AQS","170314201","1","0.029","ppm","27","NORTHBROOK WATER PLANT","17","100.0000","44201","Ozone","16980","Chicago-Naperville-Elgin, IL-IN-WI","17","Illinois","031","Cook","42.139996190948","-87.7992269168431"
"01/02/2019","AQS","170314201","1","0.02","ppm","19","NORTHBROOK WATER PLANT","17","100.0000","44201","Ozone","16980","Chicago-Naperville-Elgin, IL-IN-WI","17","Illinois","031","Cook","42.139996190948","-87.7992269168431"
"01/03/2019","AQS","170314201","1","0.016","ppm","15","NORTHBROOK WATER PLANT","17","100.0000","44201","Ozone","16980","Chicago-Naperville-Elgin, IL-IN-WI","17","Illinois","031","Cook","42.139996190948","-87.7992269168431"
"01/04/2019","AQS","170314201","1","0.018","ppm","17","NORTHBROOK WATER PLANT","17","100.0000","44201","Ozone","16980","Chicago-Naperville-Elgin, IL-IN-WI","17","Illinois","031","Cook","42.139996190948","-87.7992269168431"
"01/05/2019","AQS","170314201","1","0.024","ppm","22","NORTHBROOK WATER PLANT","17","100.0000","44201","Ozone","16980","Chicago-Naperville-Elgin, IL-IN-WI","17","Illinois","031","Cook","42.139996190948","-87.7992269168431"
"01/06/2019","AQS","170314201","1","0.035","ppm","32","NORTHBROOK WATER PLANT","17","100.0000","44201","Ozone","16980","Chicago-Naperville-Elgin, IL-IN-WI","17","Illinois","031","Cook","42.139996190948","-87.7992269168431"
"01/07/2019","AQS","170314201","1","0.024","ppm","22","NORTHBROOK WATER PLANT","17","100.0000","44201","Ozone","16980","Chicago-Naperville-Elgin, IL-IN-WI","17","Illinois","031","Cook","42.139996190948","-87.7992269168431"
"01/08/2019","AQS","170314201","1","0.028","ppm","26","NORTHBROOK WATER PLANT","17","100.0000","44201","Ozone","16980","Chicago-Naperville-Elgin, IL-IN-WI","17","Illinois","031","Cook","42.139996190948","-87.7992269168431"
"01/09/2019","AQS","170314201","1","0.026","ppm","24","NORTHBROOK WATER PLANT","17","100.0000","44201","Ozone","16980","Chicago-Naperville-Elgin, IL-IN-WI","17","Illinois","031","Cook","42.139996190948","-87.7992269168431"
"01/10/2019","AQS","170314201","1","0.026","ppm","24","NORTHBROOK WATER PLANT","17","100.0000","44201","Ozone","16980","Chicago-Naperville-Elgin, IL-IN-WI","17","Illinois","031","Cook","42.139996190948","-87.7992269168431"
"01/11/2019","AQS","170314201","1","0.017","ppm","16","NORTHBROOK WATER PLANT","17","100.0000","44201","Ozone","16980","Chicago-Naperville-Elgin, IL-IN-WI","17","Illinois","031","Cook","42.139996190948","-87.7992269168431"
"01/12/2019","AQS","170314201","1","0.032","ppm","30","NORTHBROOK WATER PLANT","17","100.0000","44201","Ozone","16980","Chicago-Naperville-Elgin, IL-IN-WI","17","Illinois","031","Cook","42.139996190948","-87.7992269168431"
"01/13/2019","AQS","170314201","1","0.04","ppm","37","NORTHBROOK WATER PLANT","17","100.0000","44201","Ozone","16980","Chicago-Naperville-Elgin, IL-IN-WI","17","Illinois","031","Cook","42.139996190948","-87.7992269168431"
"01/14/2019","AQS","170314201","1","0.031","ppm","29","NORTHBROOK WATER PLANT","17","100.0000","44201","Ozone","16980","Chicago-Naperville-Elgin, IL-IN-WI","17","Illinois","031","Cook","42.139996190948","-87.7992269168431"
"01/15/2019","AQS","170314201","1","0.025","ppm","23","NORTHBROOK WATER PLANT","17","100.0000","44201","Ozone","16980","Chicago-Naperville-Elgin, IL-IN-WI","17","Illinois","031","Cook","42.139996190948","-87.7992269168431"
"01/16/2019","AQS","170314201","1","0.037","ppm","34","NORTHBROOK WATER PLANT","17","100.0000","44201","Ozone","16980","Chicago-Naperville-Elgin, IL-IN-WI","17","Illinois","031","Cook","42.139996190948","-87.7992269168431"
"01/17/2019","AQS","170314201","1","0.018","ppm","17","NORTHBROOK WATER PLANT","17","100.0000","44201","Ozone","16980","Chicago-Naperville-Elgin, IL-IN-WI","17","Illinois","031","Cook","42.139996190948","-87.7992269168431"
"01/18/2019","AQS","170314201","1","0.039","ppm","36","NORTHBROOK WATER PLANT","17","100.0000","44201","Ozone","16980","Chicago-Naperville-Elgin, IL-IN-WI","17","Illinois","031","Cook","42.139996190948","-87.7992269168431"
"01/19/2019","AQS","170314201","1","0.038","ppm","35","NORTHBROOK WATER PLANT","17","100.0000","44201","Ozone","16980","Chicago-Naperville-Elgin, IL-IN-WI","17","Illinois","031","Cook","42.139996190948","-87.7992269168431"
"01/20/2019","AQS","170314201","1","0.035","ppm","32","NORTHBROOK WATER PLANT","17","100.0000","44201","Ozone","16980","Chicago-Naperville-Elgin, IL-IN-WI","17","Illinois","031","Cook","42.139996190948","-87.7992269168431"
"01/21/2019","AQS","170314201","1","0.033","ppm","31","NORTHBROOK WATER PLANT","17","100.0000","44201","Ozone","16980","Chicago-Naperville-Elgin, IL-IN-WI","17","Illinois","031","Cook","42.139996190948","-87.7992269168431"
"01/22/2019","AQS","170314201","1","0.017","ppm","16","NORTHBROOK WATER PLANT","17","100.0000","44201","Ozone","16980","Chicago-Naperville-Elgin, IL-IN-WI","17","Illinois","031","Cook","42.139996190948","-87.7992269168431"
"01/23/2019","AQS","170314201","1","0.026","ppm","24","NORTHBROOK WATER PLANT","17","100.0000","44201","Ozone","16980","Chicago-Naperville-Elgin, IL-IN-WI","17","Illinois","031","Cook","42.139996190948","-87.7992269168431"
"01/24/2019","AQS","170314201","1","0.032","ppm","30","NORTHBROOK WATER PLANT","17","100.0000","44201","Ozone","16980","Chicago-Naperville-Elgin, IL-IN-WI","17","Illinois","031","Cook","42.139996190948","-87.7992269168431"
"01/25/2019","AQS","170314201","1","0.031","ppm","29","NORTHBROOK WATER PLANT","17","100.0000","44201","Ozone","16980","Chicago-Naperville-Elgin, IL-IN-WI","17","Illinois","031","Cook","42.139996190948","-87.7992269168431"
"01/26/2019","AQS","170314201","1","0.027","ppm","25","NORTHBROOK WATER PLANT","17","100.0000","44201","Ozone","16980","Chicago-Naperville-Elgin, IL-IN-WI","17","Illinois","031","Cook","42.139996190948","-87.7992269168431"
"01/27/2019","AQS","170314201","1","0.033","ppm","31","NORTHBROOK WATER PLANT","17","100.0000","44201","Ozone","16980","Chicago-Naperville-Elgin, IL-IN-WI","17","Illinois","031","Cook","42.139996190948","-87.7992269168431"
"01/28/2019","AQS","170314201","1","0.033","ppm","31","NORTHBROOK WATER PLANT","17","100.0000","44201","Ozone","16980","Chicago-Naperville-Elgin, IL-IN-WI","17","Illinois","031","Cook","42.139996190948","-87.7992269168431"
"01/29/2019","AQS","170314201","1","0.034","ppm","31","NORTHBROOK WATER PLANT","17","100.0000","44201","Ozone","16980","Chicago-Naperville-Elgin, IL-IN-WI","17","Illinois","031","Cook","42.139996190948","-87.7992269168431"
"01/30/2019","AQS","170314201","1","0.021","ppm","19","NORTHBROOK WATER PLANT","17","100.0000","44201","Ozone","16980","Chicago-Naperville-Elgin, IL-IN-WI","17","Illinois","031","Cook","42.139996190948","-87.7992269168431"
"01/31/2019","AQS","170314201","1","0.027","ppm","25","NORTHBROOK WATER PLANT","17","100.0000","44201","Ozone","16980","Chicago-Naperville-Elgin, IL-IN-WI","17","Illinois","031","Cook","42.139996190948","-87.7992269168431"
"02/01/2019","AQS","170314201","1","0.025","ppm","23","NORTHBROOK WATER PLANT","17","100.0000","44201","Ozone","16980","Chicago-Naperville-Elgin, IL-IN-WI","17","Illinois","031","Cook","42.139996190948","-87.7992269168431"
"02/02/2019","AQS","170314201","1","0.024","ppm","22","NORTHBROOK WATER PLANT","17","100.0000","44201","Ozone","16980","Chicago-Naperville-Elgin, IL-IN-WI","17","Illinois","031","Cook","42.139996190948","-87.7992269168431"
"02/03/2019","AQS","170314201","1","0.023","ppm","21","NORTHBROOK WATER PLANT","17","100.0000","44201","Ozone","16980","Chicago-Naperville-Elgin, IL-IN-WI","17","Illinois","031","Cook","42.139996190948","-87.7992269168431"
"02/04/2019","AQS","170314201","1","0.021","ppm","19","NORTHBROOK WATER PLANT","17","100.0000","44201","Ozone","16980","Chicago-Naperville-Elgin, IL-IN-WI","17","Illinois","031","Cook","42.139996190948","-87.7992269168431"
"02/05/2019","AQS","170314201","1","0.032","ppm","30","NORTHBROOK WATER PLANT","17","100.0000","44201","Ozone","16980","Chicago-Naperville-Elgin, IL-IN-WI","17","Illinois","031","Cook","42.139996190948","-87.7992269168431"
"02/06/2019","AQS","170314201","1","0.026","ppm","24","NORTHBROOK WATER PLANT","17","100.0000","44201","Ozone","16980","Chicago-Naperville-Elgin, IL-IN-WI","17","Illinois","031","Cook","42.139996190948","-87.7992269168431"
"02/07/2019","AQS","170314201","1","0.034","ppm","31","NORTHBROOK WATER PLANT","17","100.0000","44201","Ozone","16980","Chicago-Naperville-Elgin, IL-IN-WI","17","Illinois","031","Cook","42.139996190948","-87.7992269168431"
"02/08/2019","AQS","170314201","1","0.035","ppm","32","NORTHBROOK WATER PLANT","17","100.0000","44201","Ozone","16980","Chicago-Naperville-Elgin, IL-IN-WI","17","Illinois","031","Cook","42.139996190948","-87.7992269168431"
"02/09/2019","AQS","170314201","1","0.032","ppm","30","NORTHBROOK WATER PLANT","17","100.0000","44201","Ozone","16980","Chicago-Naperville-Elgin, IL-IN-WI","17","Illinois","031","Cook","42.139996190948","-87.7992269168431"
"02/10/2019","AQS","170314201","1","0.02","ppm","19","NORTHBROOK WATER PLANT","17","100.0000","44201","Ozone","16980","Chicago-Naperville-Elgin, IL-IN-WI","17","Illinois","031","Cook","42.139996190948","-87.7992269168431"
"02/11/2019","AQS","170314201","1","0.027","ppm","25","NORTHBROOK WATER PLANT","17","100.0000","44201","Ozone","16980","Chicago-Naperville-Elgin, IL-IN-WI","17","Illinois","031","Cook","42.139996190948","-87.7992269168431"
"02/12/2019","AQS","170314201","1","0.039","ppm","36","NORTHBROOK WATER PLANT","17","100.0000","44201","Ozone","16980","Chicago-Naperville-Elgin, IL-IN-WI","17","Illinois","031","Cook","42.139996190948","-87.7992269168431"
"02/13/2019","AQS","170314201","1","0.039","ppm","36","NORTHBROOK WATER PLANT","17","100.0000","44201","Ozone","16980","Chicago-Naperville-Elgin, IL-IN-WI","17","Illinois","031","Cook","42.139996190948","-87.7992269168431"
"02/14/2019","AQS","170314201","1","0.034","ppm","31","NORTHBROOK WATER PLANT","17","100.0000","44201","Ozone","16980","Chicago-Naperville-Elgin, IL-IN-WI","17","Illinois","031","Cook","42.139996190948","-87.7992269168431"
"02/15/2019","AQS","170314201","1","0.033","ppm","31","NORTHBROOK WATER PLANT","17","100.0000","44201","Ozone","16980","Chicago-Naperville-Elgin, IL-IN-WI","17","Illinois","031","Cook","42.139996190948","-87.7992269168431"
"02/16/2019","AQS","170314201","1","0.041","ppm","38","NORTHBROOK WATER PLANT","17","100.0000","44201","Ozone","16980","Chicago-Naperville-Elgin, IL-IN-WI","17","Illinois","031","Cook","42.139996190948","-87.7992269168431"
"02/17/2019","AQS","170314201","1","0.036","ppm","33","NORTHBROOK WATER PLANT","17","100.0000","44201","Ozone","16980","Chicago-Naperville-Elgin, IL-IN-WI","17","Illinois","031","Cook","42.139996190948","-87.7992269168431"
"02/18/2019","AQS","170314201","1","0.036","ppm","33","NORTHBROOK WATER PLANT","17","100.0000","44201","Ozone","16980","Chicago-Naperville-Elgin, IL-IN-WI","17","Illinois","031","Cook","42.139996190948","-87.7992269168431"
"02/19/2019","AQS","170314201","1","0.037","ppm","34","NORTHBROOK WATER PLANT","17","100.0000","44201","Ozone","16980","Chicago-Naperville-Elgin, IL-IN-WI","17","Illinois","031","Cook","42.139996190948","-87.7992269168431"
"02/20/2019","AQS","170314201","1","0.041","ppm","38","NORTHBROOK WATER PLANT","17","100.0000","44201","Ozone","16980","Chicago-Naperville-Elgin, IL-IN-WI","17","Illinois","031","Cook","42.139996190948","-87.7992269168431"
"02/21/2019","AQS","170314201","1","0.048","ppm","44","NORTHBROOK WATER PLANT","17","100.0000","44201","Ozone","16980","Chicago-Naperville-Elgin, IL-IN-WI","17","Illinois","031","Cook","42.139996190948","-87.7992269168431"
"02/22/2019","AQS","170314201","1","0.056","ppm","54","NORTHBROOK WATER PLANT","17","100.0000","44201","Ozone","16980","Chicago-Naperville-Elgin, IL-IN-WI","17","Illinois","031","Cook","42.139996190948","-87.7992269168431"
"02/23/2019","AQS","170314201","1","0.033","ppm","31","NORTHBROOK WATER PLANT","17","100.0000","44201","Ozone","16980","Chicago-Naperville-Elgin, IL-IN-WI","17","Illinois","031","Cook","42.139996190948","-87.7992269168431"
"02/24/2019","AQS","170314201","1","0.049","ppm","45","NORTHBROOK WATER PLANT","17","100.0000","44201","Ozone","16980","Chicago-Naperville-Elgin, IL-IN-WI","17","Illinois","031","Cook","42.139996190948","-87.7992269168431"
"02/25/2019","AQS","170314201","1","0.035","ppm","32","NORTHBROOK WATER PLANT","17","100.0000","44201","Ozone","16980","Chicago-Naperville-Elgin, IL-IN-WI","17","Illinois","031","Cook","42.139996190948","-87.7992269168431"
"02/26/2019","AQS","170314201","1","0.037","ppm","34","NORTHBROOK WATER PLANT","17","100.0000","44201","Ozone","16980","Chicago-Naperville-Elgin, IL-IN-WI","17","Illinois","031","Cook","42.139996190948","-87.7992269168431"
"02/28/2019","AQS","170314201","1","0.03","ppm","28","NORTHBROOK WATER PLANT","17","100.0000","44201","Ozone","16980","Chicago-Naperville-Elgin, IL-IN-WI","17","Illinois","031","Cook","42.139996190948","-87.7992269168431"
"03/01/2019","AQS","170314201","1","0.041","ppm","38","NORTHBROOK WATER PLANT","17","100.0000","44201","Ozone","16980","Chicago-Naperville-Elgin, IL-IN-WI","17","Illinois","031","Cook","42.139996190948","-87.7992269168431"
"03/02/2019","AQS","170314201","1","0.049","ppm","45","NORTHBROOK WATER PLANT","17","100.0000","44201","Ozone","16980","Chicago-Naperville-Elgin, IL-IN-WI","17","Illinois","031","Cook","42.139996190948","-87.7992269168431"
"03/03/2019","AQS","170314201","1","0.037","ppm","34","NORTHBROOK WATER PLANT","17","100.0000","44201","Ozone","16980","Chicago-Naperville-Elgin, IL-IN-WI","17","Illinois","031","Cook","42.139996190948","-87.7992269168431"
"03/04/2019","AQS","170314201","1","0.042","ppm","39","NORTHBROOK WATER PLANT","17","100.0000","44201","Ozone","16980","Chicago-Naperville-Elgin, IL-IN-WI","17","Illinois","031","Cook","42.139996190948","-87.7992269168431"
"03/05/2019","AQS","170314201","1","0.042","ppm","39","NORTHBROOK WATER PLANT","17","100.0000","44201","Ozone","16980","Chicago-Naperville-Elgin, IL-IN-WI","17","Illinois","031","Cook","42.139996190948","-87.7992269168431"
"03/06/2019","AQS","170314201","1","0.046","ppm","43","NORTHBROOK WATER PLANT","17","100.0000","44201","Ozone","16980","Chicago-Naperville-Elgin, IL-IN-WI","17","Illinois","031","Cook","42.139996190948","-87.7992269168431"
"03/07/2019","AQS","170314201","1","0.046","ppm","43","NORTHBROOK WATER PLANT","13","76.0000","44201","Ozone","16980","Chicago-Naperville-Elgin, IL-IN-WI","17","Illinois","031","Cook","42.139996190948","-87.7992269168431"
"03/08/2019","AQS","170314201","1","0.042","ppm","39","NORTHBROOK WATER PLANT","17","100.0000","44201","Ozone","16980","Chicago-Naperville-Elgin, IL-IN-WI","17","Illinois","031","Cook","42.139996190948","-87.7992269168431"
"03/09/2019","AQS","170314201","1","0.041","ppm","38","NORTHBROOK WATER PLANT","17","100.0000","44201","Ozone","16980","Chicago-Naperville-Elgin, IL-IN-WI","17","Illinois","031","Cook","42.139996190948","-87.7992269168431"
"03/10/2019","AQS","170314201","1","0.051","ppm","47","NORTHBROOK WATER PLANT","17","100.0000","44201","Ozone","16980","Chicago-Naperville-Elgin, IL-IN-WI","17","Illinois","031","Cook","42.139996190948","-87.7992269168431"
"03/11/2019","AQS","170314201","1","0.049","ppm","45","NORTHBROOK WATER PLANT","17","100.0000","44201","Ozone","16980","Chicago-Naperville-Elgin, IL-IN-WI","17","Illinois","031","Cook","42.139996190948","-87.7992269168431"
"03/12/2019","AQS","170314201","1","0.044","ppm","41","NORTHBROOK WATER PLANT","17","100.0000","44201","Ozone","16980","Chicago-Naperville-Elgin, IL-IN-WI","17","Illinois","031","Cook","42.139996190948","-87.7992269168431"
"03/13/2019","AQS","170314201","1","0.037","ppm","34","NORTHBROOK WATER PLANT","17","100.0000","44201","Ozone","16980","Chicago-Naperville-Elgin, IL-IN-WI","17","Illinois","031","Cook","42.139996190948","-87.7992269168431"
"03/14/2019","AQS","170314201","1","0.041","ppm","38","NORTHBROOK WATER PLANT","17","100.0000","44201","Ozone","16980","Chicago-Naperville-Elgin, IL-IN-WI","17","Illinois","031","Cook","42.139996190948","-87.7992269168431"
"03/15/2019","AQS","170314201","1","0.04","ppm","37","NORTHBROOK WATER PLANT","17","100.0000","44201","Ozone","16980","Chicago-Naperville-Elgin, IL-IN-WI","17","Illinois","031","Cook","42.139996190948","-87.7992269168431"
"03/16/2019","AQS","170314201","1","0.043","ppm","40","NORTHBROOK WATER PLANT","17","100.0000","44201","Ozone","16980","Chicago-Naperville-Elgin, IL-IN-WI","17","Illinois","031","Cook","42.139996190948","-87.7992269168431"
"03/17/2019","AQS","170314201","1","0.045","ppm","42","NORTHBROOK WATER PLANT","17","100.0000","44201","Ozone","16980","Chicago-Naperville-Elgin, IL-IN-WI","17","Illinois","031","Cook","42.139996190948","-87.7992269168431"
"03/18/2019","AQS","170314201","1","0.046","ppm","43","NORTHBROOK WATER PLANT","17","100.0000","44201","Ozone","16980","Chicago-Naperville-Elgin, IL-IN-WI","17","Illinois","031","Cook","42.139996190948","-87.7992269168431"
"03/19/2019","AQS","170314201","1","0.048","ppm","44","NORTHBROOK WATER PLANT","17","100.0000","44201","Ozone","16980","Chicago-Naperville-Elgin, IL-IN-WI","17","Illinois","031","Cook","42.139996190948","-87.7992269168431"
"03/20/2019","AQS","170314201","1","0.032","ppm","30","NORTHBROOK WATER PLANT","17","100.0000","44201","Ozone","16980","Chicago-Naperville-Elgin, IL-IN-WI","17","Illinois","031","Cook","42.139996190948","-87.7992269168431"
"03/21/2019","AQS","170314201","1","0.039","ppm","36","NORTHBROOK WATER PLANT","17","100.0000","44201","Ozone","16980","Chicago-Naperville-Elgin, IL-IN-WI","17","Illinois","031","Cook","42.139996190948","-87.7992269168431"
"03/22/2019","AQS","170314201","1","0.045","ppm","42","NORTHBROOK WATER PLANT","17","100.0000","44201","Ozone","16980","Chicago-Naperville-Elgin, IL-IN-WI","17","Illinois","031","Cook","42.139996190948","-87.7992269168431"
"03/23/2019","AQS","170314201","1","0.037","ppm","34","NORTHBROOK WATER PLANT","17","100.0000","44201","Ozone","16980","Chicago-Naperville-Elgin, IL-IN-WI","17","Illinois","031","Cook","42.139996190948","-87.7992269168431"
"03/24/2019","AQS","170314201","1","0.042","ppm","39","NORTHBROOK WATER PLANT","17","100.0000","44201","Ozone","16980","Chicago-Naperville-Elgin, IL-IN-WI","17","Illinois","031","Cook","42.139996190948","-87.7992269168431"
"03/25/2019","AQS","170314201","1","0.043","ppm","40","NORTHBROOK WATER PLANT","17","100.0000","44201","Ozone","16980","Chicago-Naperville-Elgin, IL-IN-WI","17","Illinois","031","Cook","42.139996190948","-87.7992269168431"
"03/26/2019","AQS","170314201","1","0.046","ppm","43","NORTHBROOK WATER PLANT","17","100.0000","44201","Ozone","16980","Chicago-Naperville-Elgin, IL-IN-WI","17","Illinois","031","Cook","42.139996190948","-87.7992269168431"
"03/27/2019","AQS","170314201","1","0.048","ppm","44","NORTHBROOK WATER PLANT","16","94.0000","44201","Ozone","16980","Chicago-Naperville-Elgin, IL-IN-WI","17","Illinois","031","Cook","42.139996190948","-87.7992269168431"
"03/28/2019","AQS","170314201","1","0.044","ppm","41","NORTHBROOK WATER PLANT","17","100.0000","44201","Ozone","16980","Chicago-Naperville-Elgin, IL-IN-WI","17","Illinois","031","Cook","42.139996190948","-87.7992269168431"
"03/30/2019","AQS","170314201","1","0.043","ppm","40","NORTHBROOK WATER PLANT","17","100.0000","44201","Ozone","16980","Chicago-Naperville-Elgin, IL-IN-WI","17","Illinois","031","Cook","42.139996190948","-87.7992269168431"
"03/31/2019","AQS","170314201","1","0.043","ppm","40","NORTHBROOK WATER PLANT","17","100.0000","44201","Ozone","16980","Chicago-Naperville-Elgin, IL-IN-WI","17","Illinois","031","Cook","42.139996190948","-87.7992269168431"
"04/01/2019","AQS","170314201","1","0.044","ppm","41","NORTHBROOK WATER PLANT","17","100.0000","44201","Ozone","16980","Chicago-Naperville-Elgin, IL-IN-WI","17","Illinois","031","Cook","42.139996190948","-87.7992269168431"
"04/02/2019","AQS","170314201","1","0.042","ppm","39","NORTHBROOK WATER PLANT","17","100.0000","44201","Ozone","16980","Chicago-Naperville-Elgin, IL-IN-WI","17","Illinois","031","Cook","42.139996190948","-87.7992269168431"
"04/03/2019","AQS","170314201","1","0.049","ppm","45","NORTHBROOK WATER PLANT","17","100.0000","44201","Ozone","16980","Chicago-Naperville-Elgin, IL-IN-WI","17","Illinois","031","Cook","42.139996190948","-87.7992269168431"
"04/04/2019","AQS","170314201","1","0.038","ppm","35","NORTHBROOK WATER PLANT","17","100.0000","44201","Ozone","16980","Chicago-Naperville-Elgin, IL-IN-WI","17","Illinois","031","Cook","42.139996190948","-87.7992269168431"
"04/05/2019","AQS","170314201","1","0.031","ppm","29","NORTHBROOK WATER PLANT","17","100.0000","44201","Ozone","16980","Chicago-Naperville-Elgin, IL-IN-WI","17","Illinois","031","Cook","42.139996190948","-87.7992269168431"
"04/06/2019","AQS","170314201","1","0.051","ppm","47","NORTHBROOK WATER PLANT","17","100.0000","44201","Ozone","16980","Chicago-Naperville-Elgin, IL-IN-WI","17","Illinois","031","Cook","42.139996190948","-87.7992269168431"
"04/07/2019","AQS","170314201","1","0.038","ppm","35","NORTHBROOK WATER PLANT","17","100.0000","44201","Ozone","16980","Chicago-Naperville-Elgin, IL-IN-WI","17","Illinois","031","Cook","42.139996190948","-87.7992269168431"
"04/08/2019","AQS","170314201","1","0.051","ppm","47","NORTHBROOK WATER PLANT","17","100.0000","44201","Ozone","16980","Chicago-Naperville-Elgin, IL-IN-WI","17","Illinois","031","Cook","42.139996190948","-87.7992269168431"
"04/09/2019","AQS","170314201","1","0.05","ppm","46","NORTHBROOK WATER PLANT","17","100.0000","44201","Ozone","16980","Chicago-Naperville-Elgin, IL-IN-WI","17","Illinois","031","Cook","42.139996190948","-87.7992269168431"
"04/10/2019","AQS","170314201","1","0.035","ppm","32","NORTHBROOK WATER PLANT","13","76.0000","44201","Ozone","16980","Chicago-Naperville-Elgin, IL-IN-WI","17","Illinois","031","Cook","42.139996190948","-87.7992269168431"
"04/11/2019","AQS","170314201","1","0.04","ppm","37","NORTHBROOK WATER PLANT","17","100.0000","44201","Ozone","16980","Chicago-Naperville-Elgin, IL-IN-WI","17","Illinois","031","Cook","42.139996190948","-87.7992269168431"
"04/12/2019","AQS","170314201","1","0.042","ppm","39","NORTHBROOK WATER PLANT","17","100.0000","44201","Ozone","16980","Chicago-Naperville-Elgin, IL-IN-WI","17","Illinois","031","Cook","42.139996190948","-87.7992269168431"
"04/13/2019","AQS","170314201","1","0.049","ppm","45","NORTHBROOK WATER PLANT","17","100.0000","44201","Ozone","16980","Chicago-Naperville-Elgin, IL-IN-WI","17","Illinois","031","Cook","42.139996190948","-87.7992269168431"
"04/14/2019","AQS","170314201","1","0.04","ppm","37","NORTHBROOK WATER PLANT","17","100.0000","44201","Ozone","16980","Chicago-Naperville-Elgin, IL-IN-WI","17","Illinois","031","Cook","42.139996190948","-87.7992269168431"
"04/15/2019","AQS","170314201","1","0.049","ppm","45","NORTHBROOK WATER PLANT","17","100.0000","44201","Ozone","16980","Chicago-Naperville-Elgin, IL-IN-WI","17","Illinois","031","Cook","42.139996190948","-87.7992269168431"
"04/16/2019","AQS","170314201","1","0.047","ppm","44","NORTHBROOK WATER PLANT","17","100.0000","44201","Ozone","16980","Chicago-Naperville-Elgin, IL-IN-WI","17","Illinois","031","Cook","42.139996190948","-87.7992269168431"
"04/17/2019","AQS","170314201","1","0.048","ppm","44","NORTHBROOK WATER PLANT","17","100.0000","44201","Ozone","16980","Chicago-Naperville-Elgin, IL-IN-WI","17","Illinois","031","Cook","42.139996190948","-87.7992269168431"
"04/18/2019","AQS","170314201","1","0.039","ppm","36","NORTHBROOK WATER PLANT","16","94.0000","44201","Ozone","16980","Chicago-Naperville-Elgin, IL-IN-WI","17","Illinois","031","Cook","42.139996190948","-87.7992269168431"
"04/20/2019","AQS","170314201","1","0.047","ppm","44","NORTHBROOK WATER PLANT","17","100.0000","44201","Ozone","16980","Chicago-Naperville-Elgin, IL-IN-WI","17","Illinois","031","Cook","42.139996190948","-87.7992269168431"
"04/21/2019","AQS","170314201","1","0.061","ppm","71","NORTHBROOK WATER PLANT","17","100.0000","44201","Ozone","16980","Chicago-Naperville-Elgin, IL-IN-WI","17","Illinois","031","Cook","42.139996190948","-87.7992269168431"
"04/22/2019","AQS","170314201","1","0.055","ppm","51","NORTHBROOK WATER PLANT","17","100.0000","44201","Ozone","16980","Chicago-Naperville-Elgin, IL-IN-WI","17","Illinois","031","Cook","42.139996190948","-87.7992269168431"
"04/23/2019","AQS","170314201","1","0.044","ppm","41","NORTHBROOK WATER PLANT","17","100.0000","44201","Ozone","16980","Chicago-Naperville-Elgin, IL-IN-WI","17","Illinois","031","Cook","42.139996190948","-87.7992269168431"
"04/24/2019","AQS","170314201","1","0.042","ppm","39","NORTHBROOK WATER PLANT","17","100.0000","44201","Ozone","16980","Chicago-Naperville-Elgin, IL-IN-WI","17","Illinois","031","Cook","42.139996190948","-87.7992269168431"
"04/25/2019","AQS","170314201","1","0.053","ppm","49","NORTHBROOK WATER PLANT","17","100.0000","44201","Ozone","16980","Chicago-Naperville-Elgin, IL-IN-WI","17","Illinois","031","Cook","42.139996190948","-87.7992269168431"
"04/26/2019","AQS","170314201","1","0.05","ppm","46","NORTHBROOK WATER PLANT","17","100.0000","44201","Ozone","16980","Chicago-Naperville-Elgin, IL-IN-WI","17","Illinois","031","Cook","42.139996190948","-87.7992269168431"
"04/27/2019","AQS","170314201","1","0.048","ppm","44","NORTHBROOK WATER PLANT","17","100.0000","44201","Ozone","16980","Chicago-Naperville-Elgin, IL-IN-WI","17","Illinois","031","Cook","42.139996190948","-87.7992269168431"
"04/28/2019","AQS","170314201","1","0.046","ppm","43","NORTHBROOK WATER PLANT","17","100.0000","44201","Ozone","16980","Chicago-Naperville-Elgin, IL-IN-WI","17","Illinois","031","Cook","42.139996190948","-87.7992269168431"
"04/29/2019","AQS","170314201","1","0.028","ppm","26","NORTHBROOK WATER PLANT","17","100.0000","44201","Ozone","16980","Chicago-Naperville-Elgin, IL-IN-WI","17","Illinois","031","Cook","42.139996190948","-87.7992269168431"
"04/30/2019","AQS","170314201","1","0.032","ppm","30","NORTHBROOK WATER PLANT","17","100.0000","44201","Ozone","16980","Chicago-Naperville-Elgin, IL-IN-WI","17","Illinois","031","Cook","42.139996190948","-87.7992269168431"
"05/01/2019","AQS","170314201","1","0.037","ppm","34","NORTHBROOK WATER PLANT","17","100.0000","44201","Ozone","16980","Chicago-Naperville-Elgin, IL-IN-WI","17","Illinois","031","Cook","42.139996190948","-87.7992269168431"
"05/02/2019","AQS","170314201","1","0.036","ppm","33","NORTHBROOK WATER PLANT","17","100.0000","44201","Ozone","16980","Chicago-Naperville-Elgin, IL-IN-WI","17","Illinois","031","Cook","42.139996190948","-87.7992269168431"
"05/03/2019","AQS","170314201","1","0.037","ppm","34","NORTHBROOK WATER PLANT","17","100.0000","44201","Ozone","16980","Chicago-Naperville-Elgin, IL-IN-WI","17","Illinois","031","Cook","42.139996190948","-87.7992269168431"
"05/04/2019","AQS","170314201","1","0.044","ppm","41","NORTHBROOK WATER PLANT","17","100.0000","44201","Ozone","16980","Chicago-Naperville-Elgin, IL-IN-WI","17","Illinois","031","Cook","42.139996190948","-87.7992269168431"
"05/05/2019","AQS","170314201","1","0.056","ppm","54","NORTHBROOK WATER PLANT","17","100.0000","44201","Ozone","16980","Chicago-Naperville-Elgin, IL-IN-WI","17","Illinois","031","Cook","42.139996190948","-87.7992269168431"
"05/06/2019","AQS","170314201","1","0.043","ppm","40","NORTHBROOK WATER PLANT","17","100.0000","44201","Ozone","16980","Chicago-Naperville-Elgin, IL-IN-WI","17","Illinois","031","Cook","42.139996190948","-87.7992269168431"
"05/07/2019","AQS","170314201","1","0.038","ppm","35","NORTHBROOK WATER PLANT","17","100.0000","44201","Ozone","16980","Chicago-Naperville-Elgin, IL-IN-WI","17","Illinois","031","Cook","42.139996190948","-87.7992269168431"
"05/08/2019","AQS","170314201","1","0.043","ppm","40","NORTHBROOK WATER PLANT","17","100.0000","44201","Ozone","16980","Chicago-Naperville-Elgin, IL-IN-WI","17","Illinois","031","Cook","42.139996190948","-87.7992269168431"
"05/09/2019","AQS","170314201","1","0.035","ppm","32","NORTHBROOK WATER PLANT","17","100.0000","44201","Ozone","16980","Chicago-Naperville-Elgin, IL-IN-WI","17","Illinois","031","Cook","42.139996190948","-87.7992269168431"
"05/10/2019","AQS","170314201","1","0.04","ppm","37","NORTHBROOK WATER PLANT","17","100.0000","44201","Ozone","16980","Chicago-Naperville-Elgin, IL-IN-WI","17","Illinois","031","Cook","42.139996190948","-87.7992269168431"
"05/11/2019","AQS","170314201","1","0.045","ppm","42","NORTHBROOK WATER PLANT","17","100.0000","44201","Ozone","16980","Chicago-Naperville-Elgin, IL-IN-WI","17","Illinois","031","Cook","42.139996190948","-87.7992269168431"
"05/12/2019","AQS","170314201","1","0.044","ppm","41","NORTHBROOK WATER PLANT","17","100.0000","44201","Ozone","16980","Chicago-Naperville-Elgin, IL-IN-WI","17","Illinois","031","Cook","42.139996190948","-87.7992269168431"
"05/13/2019","AQS","170314201","1","0.044","ppm","41","NORTHBROOK WATER PLANT","17","100.0000","44201","Ozone","16980","Chicago-Naperville-Elgin, IL-IN-WI","17","Illinois","031","Cook","42.139996190948","-87.7992269168431"
"05/14/2019","AQS","170314201","1","0.049","ppm","45","NORTHBROOK WATER PLANT","17","100.0000","44201","Ozone","16980","Chicago-Naperville-Elgin, IL-IN-WI","17","Illinois","031","Cook","42.139996190948","-87.7992269168431"
"05/15/2019","AQS","170314201","1","0.06","ppm","67","NORTHBROOK WATER PLANT","17","100.0000","44201","Ozone","16980","Chicago-Naperville-Elgin, IL-IN-WI","17","Illinois","031","Cook","42.139996190948","-87.7992269168431"
"05/16/2019","AQS","170314201","1","0.04","ppm","37","NORTHBROOK WATER PLANT","17","100.0000","44201","Ozone","16980","Chicago-Naperville-Elgin, IL-IN-WI","17","Illinois","031","Cook","42.139996190948","-87.7992269168431"
"05/17/2019","AQS","170314201","1","0.029","ppm","27","NORTHBROOK WATER PLANT","17","100.0000","44201","Ozone","16980","Chicago-Naperville-Elgin, IL-IN-WI","17","Illinois","031","Cook","42.139996190948","-87.7992269168431"
"05/18/2019","AQS","170314201","1","0.034","ppm","31","NORTHBROOK WATER PLANT","17","100.0000","44201","Ozone","16980","Chicago-Naperville-Elgin, IL-IN-WI","17","Illinois","031","Cook","42.139996190948","-87.7992269168431"
"05/19/2019","AQS","170314201","1","0.053","ppm","49","NORTHBROOK WATER PLANT","17","100.0000","44201","Ozone","16980","Chicago-Naperville-Elgin, IL-IN-WI","17","Illinois","031","Cook","42.139996190948","-87.7992269168431"
"05/20/2019","AQS","170314201","1","0.03","ppm","28","NORTHBROOK WATER PLANT","17","100.0000","44201","Ozone","16980","Chicago-Naperville-Elgin, IL-IN-WI","17","Illinois","031","Cook","42.139996190948","-87.7992269168431"
"05/21/2019","AQS","170314201","1","0.027","ppm","25","NORTHBROOK WATER PLANT","17","100.0000","44201","Ozone","16980","Chicago-Naperville-Elgin, IL-IN-WI","17","Illinois","031","Cook","42.139996190948","-87.7992269168431"
"05/22/2019","AQS","170314201","1","0.058","ppm","61","NORTHBROOK WATER PLANT","17","100.0000","44201","Ozone","16980","Chicago-Naperville-Elgin, IL-IN-WI","17","Illinois","031","Cook","42.139996190948","-87.7992269168431"
"05/23/2019","AQS","170314201","1","0.046","ppm","43","NORTHBROOK WATER PLANT","17","100.0000","44201","Ozone","16980","Chicago-Naperville-Elgin, IL-IN-WI","17","Illinois","031","Cook","42.139996190948","-87.7992269168431"
"05/24/2019","AQS","170314201","1","0.035","ppm","32","NORTHBROOK WATER PLANT","17","100.0000","44201","Ozone","16980","Chicago-Naperville-Elgin, IL-IN-WI","17","Illinois","031","Cook","42.139996190948","-87.7992269168431"
"05/25/2019","AQS","170314201","1","0.048","ppm","44","NORTHBROOK WATER PLANT","17","100.0000","44201","Ozone","16980","Chicago-Naperville-Elgin, IL-IN-WI","17","Illinois","031","Cook","42.139996190948","-87.7992269168431"
"05/26/2019","AQS","170314201","1","0.037","ppm","34","NORTHBROOK WATER PLANT","17","100.0000","44201","Ozone","16980","Chicago-Naperville-Elgin, IL-IN-WI","17","Illinois","031","Cook","42.139996190948","-87.7992269168431"
"05/27/2019","AQS","170314201","1","0.04","ppm","37","NORTHBROOK WATER PLANT","17","100.0000","44201","Ozone","16980","Chicago-Naperville-Elgin, IL-IN-WI","17","Illinois","031","Cook","42.139996190948","-87.7992269168431"
"05/28/2019","AQS","170314201","1","0.036","ppm","33","NORTHBROOK WATER PLANT","17","100.0000","44201","Ozone","16980","Chicago-Naperville-Elgin, IL-IN-WI","17","Illinois","031","Cook","42.139996190948","-87.7992269168431"
"05/29/2019","AQS","170314201","1","0.042","ppm","39","NORTHBROOK WATER PLANT","17","100.0000","44201","Ozone","16980","Chicago-Naperville-Elgin, IL-IN-WI","17","Illinois","031","Cook","42.139996190948","-87.7992269168431"
"05/30/2019","AQS","170314201","1","0.06","ppm","67","NORTHBROOK WATER PLANT","17","100.0000","44201","Ozone","16980","Chicago-Naperville-Elgin, IL-IN-WI","17","Illinois","031","Cook","42.139996190948","-87.7992269168431"
"05/31/2019","AQS","170314201","1","0.056","ppm","54","NORTHBROOK WATER PLANT","17","100.0000","44201","Ozone","16980","Chicago-Naperville-Elgin, IL-IN-WI","17","Illinois","031","Cook","42.139996190948","-87.7992269168431"
"06/01/2019","AQS","170314201","1","0.046","ppm","43","NORTHBROOK WATER PLANT","17","100.0000","44201","Ozone","16980","Chicago-Naperville-Elgin, IL-IN-WI","17","Illinois","031","Cook","42.139996190948","-87.7992269168431"
"06/02/2019","AQS","170314201","1","0.038","ppm","35","NORTHBROOK WATER PLANT","17","100.0000","44201","Ozone","16980","Chicago-Naperville-Elgin, IL-IN-WI","17","Illinois","031","Cook","42.139996190948","-87.7992269168431"
"06/03/2019","AQS","170314201","1","0.032","ppm","30","NORTHBROOK WATER PLANT","17","100.0000","44201","Ozone","16980","Chicago-Naperville-Elgin, IL-IN-WI","17","Illinois","031","Cook","42.139996190948","-87.7992269168431"
"06/04/2019","AQS","170314201","1","0.058","ppm","61","NORTHBROOK WATER PLANT","17","100.0000","44201","Ozone","16980","Chicago-Naperville-Elgin, IL-IN-WI","17","Illinois","031","Cook","42.139996190948","-87.7992269168431"
"06/05/2019","AQS","170314201","1","0.064","ppm","80","NORTHBROOK WATER PLANT","17","100.0000","44201","Ozone","16980","Chicago-Naperville-Elgin, IL-IN-WI","17","Illinois","031","Cook","42.139996190948","-87.7992269168431"
"06/06/2019","AQS","170314201","1","0.039","ppm","36","NORTHBROOK WATER PLANT","17","100.0000","44201","Ozone","16980","Chicago-Naperville-Elgin, IL-IN-WI","17","Illinois","031","Cook","42.139996190948","-87.7992269168431"
"06/07/2019","AQS","170314201","1","0.054","ppm","50","NORTHBROOK WATER PLANT","17","100.0000","44201","Ozone","16980","Chicago-Naperville-Elgin, IL-IN-WI","17","Illinois","031","Cook","42.139996190948","-87.7992269168431"
"06/08/2019","AQS","170314201","1","0.053","ppm","49","NORTHBROOK WATER PLANT","17","100.0000","44201","Ozone","16980","Chicago-Naperville-Elgin, IL-IN-WI","17","Illinois","031","Cook","42.139996190948","-87.7992269168431"
"06/09/2019","AQS","170314201","1","0.037","ppm","34","NORTHBROOK WATER PLANT","17","100.0000","44201","Ozone","16980","Chicago-Naperville-Elgin, IL-IN-WI","17","Illinois","031","Cook","42.139996190948","-87.7992269168431"
"06/10/2019","AQS","170314201","1","0.039","ppm","36","NORTHBROOK WATER PLANT","17","100.0000","44201","Ozone","16980","Chicago-Naperville-Elgin, IL-IN-WI","17","Illinois","031","Cook","42.139996190948","-87.7992269168431"
"06/11/2019","AQS","170314201","1","0.059","ppm","64","NORTHBROOK WATER PLANT","17","100.0000","44201","Ozone","16980","Chicago-Naperville-Elgin, IL-IN-WI","17","Illinois","031","Cook","42.139996190948","-87.7992269168431"
"06/12/2019","AQS","170314201","1","0.039","ppm","36","NORTHBROOK WATER PLANT","17","100.0000","44201","Ozone","16980","Chicago-Naperville-Elgin, IL-IN-WI","17","Illinois","031","Cook","42.139996190948","-87.7992269168431"
"06/13/2019","AQS","170314201","1","0.033","ppm","31","NORTHBROOK WATER PLANT","17","100.0000","44201","Ozone","16980","Chicago-Naperville-Elgin, IL-IN-WI","17","Illinois","031","Cook","42.139996190948","-87.7992269168431"
"06/14/2019","AQS","170314201","1","0.057","ppm","58","NORTHBROOK WATER PLANT","17","100.0000","44201","Ozone","16980","Chicago-Naperville-Elgin, IL-IN-WI","17","Illinois","031","Cook","42.139996190948","-87.7992269168431"
"06/15/2019","AQS","170314201","1","0.04","ppm","37","NORTHBROOK WATER PLANT","17","100.0000","44201","Ozone","16980","Chicago-Naperville-Elgin, IL-IN-WI","17","Illinois","031","Cook","42.139996190948","-87.7992269168431"
"06/16/2019","AQS","170314201","1","0.031","ppm","29","NORTHBROOK WATER PLANT","17","100.0000","44201","Ozone","16980","Chicago-Naperville-Elgin, IL-IN-WI","17","Illinois","031","Cook","42.139996190948","-87.7992269168431"
"06/17/2019","AQS","170314201","1","0.033","ppm","31","NORTHBROOK WATER PLANT","17","100.0000","44201","Ozone","16980","Chicago-Naperville-Elgin, IL-IN-WI","17","Illinois","031","Cook","42.139996190948","-87.7992269168431"
"06/18/2019","AQS","170314201","1","0.05","ppm","46","NORTHBROOK WATER PLANT","17","100.0000","44201","Ozone","16980","Chicago-Naperville-Elgin, IL-IN-WI","17","Illinois","031","Cook","42.139996190948","-87.7992269168431"
"06/19/2019","AQS","170314201","1","0.04","ppm","37","NORTHBROOK WATER PLANT","17","100.0000","44201","Ozone","16980","Chicago-Naperville-Elgin, IL-IN-WI","17","Illinois","031","Cook","42.139996190948","-87.7992269168431"
"06/20/2019","AQS","170314201","1","0.029","ppm","27","NORTHBROOK WATER PLANT","17","100.0000","44201","Ozone","16980","Chicago-Naperville-Elgin, IL-IN-WI","17","Illinois","031","Cook","42.139996190948","-87.7992269168431"
"06/21/2019","AQS","170314201","1","0.032","ppm","30","NORTHBROOK WATER PLANT","17","100.0000","44201","Ozone","16980","Chicago-Naperville-Elgin, IL-IN-WI","17","Illinois","031","Cook","42.139996190948","-87.7992269168431"
"06/22/2019","AQS","170314201","1","0.05","ppm","46","NORTHBROOK WATER PLANT","17","100.0000","44201","Ozone","16980","Chicago-Naperville-Elgin, IL-IN-WI","17","Illinois","031","Cook","42.139996190948","-87.7992269168431"
"06/23/2019","AQS","170314201","1","0.042","ppm","39","NORTHBROOK WATER PLANT","17","100.0000","44201","Ozone","16980","Chicago-Naperville-Elgin, IL-IN-WI","17","Illinois","031","Cook","42.139996190948","-87.7992269168431"
"06/24/2019","AQS","170314201","1","0.041","ppm","38","NORTHBROOK WATER PLANT","17","100.0000","44201","Ozone","16980","Chicago-Naperville-Elgin, IL-IN-WI","17","Illinois","031","Cook","42.139996190948","-87.7992269168431"
"06/25/2019","AQS","170314201","1","0.051","ppm","47","NORTHBROOK WATER PLANT","17","100.0000","44201","Ozone","16980","Chicago-Naperville-Elgin, IL-IN-WI","17","Illinois","031","Cook","42.139996190948","-87.7992269168431"
"06/26/2019","AQS","170314201","1","0.066","ppm","87","NORTHBROOK WATER PLANT","17","100.0000","44201","Ozone","16980","Chicago-Naperville-Elgin, IL-IN-WI","17","Illinois","031","Cook","42.139996190948","-87.7992269168431"
"06/27/2019","AQS","170314201","1","0.069","ppm","97","NORTHBROOK WATER PLANT","17","100.0000","44201","Ozone","16980","Chicago-Naperville-Elgin, IL-IN-WI","17","Illinois","031","Cook","42.139996190948","-87.7992269168431"
"06/28/2019","AQS","170314201","1","0.07","ppm","100","NORTHBROOK WATER PLANT","17","100.0000","44201","Ozone","16980","Chicago-Naperville-Elgin, IL-IN-WI","17","Illinois","031","Cook","42.139996190948","-87.7992269168431"
"06/29/2019","AQS","170314201","1","0.069","ppm","97","NORTHBROOK WATER PLANT","17","100.0000","44201","Ozone","16980","Chicago-Naperville-Elgin, IL-IN-WI","17","Illinois","031","Cook","42.139996190948","-87.7992269168431"
"06/30/2019","AQS","170314201","1","0.052","ppm","48","NORTHBROOK WATER PLANT","17","100.0000","44201","Ozone","16980","Chicago-Naperville-Elgin, IL-IN-WI","17","Illinois","031","Cook","42.139996190948","-87.7992269168431"
"07/01/2019","AQS","170314201","1","0.057","ppm","58","NORTHBROOK WATER PLANT","17","100.0000","44201","Ozone","16980","Chicago-Naperville-Elgin, IL-IN-WI","17","Illinois","031","Cook","42.139996190948","-87.7992269168431"
"07/02/2019","AQS","170314201","1","0.055","ppm","51","NORTHBROOK WATER PLANT","17","100.0000","44201","Ozone","16980","Chicago-Naperville-Elgin, IL-IN-WI","17","Illinois","031","Cook","42.139996190948","-87.7992269168431"
"07/03/2019","AQS","170314201","1","0.051","ppm","47","NORTHBROOK WATER PLANT","17","100.0000","44201","Ozone","16980","Chicago-Naperville-Elgin, IL-IN-WI","17","Illinois","031","Cook","42.139996190948","-87.7992269168431"
"07/04/2019","AQS","170314201","1","0.057","ppm","58","NORTHBROOK WATER PLANT","17","100.0000","44201","Ozone","16980","Chicago-Naperville-Elgin, IL-IN-WI","17","Illinois","031","Cook","42.139996190948","-87.7992269168431"
"07/05/2019","AQS","170314201","1","0.061","ppm","71","NORTHBROOK WATER PLANT","17","100.0000","44201","Ozone","16980","Chicago-Naperville-Elgin, IL-IN-WI","17","Illinois","031","Cook","42.139996190948","-87.7992269168431"
"07/06/2019","AQS","170314201","1","0.036","ppm","33","NORTHBROOK WATER PLANT","17","100.0000","44201","Ozone","16980","Chicago-Naperville-Elgin, IL-IN-WI","17","Illinois","031","Cook","42.139996190948","-87.7992269168431"
"07/07/2019","AQS","170314201","1","0.026","ppm","24","NORTHBROOK WATER PLANT","17","100.0000","44201","Ozone","16980","Chicago-Naperville-Elgin, IL-IN-WI","17","Illinois","031","Cook","42.139996190948","-87.7992269168431"
"07/08/2019","AQS","170314201","1","0.04","ppm","37","NORTHBROOK WATER PLANT","17","100.0000","44201","Ozone","16980","Chicago-Naperville-Elgin, IL-IN-WI","17","Illinois","031","Cook","42.139996190948","-87.7992269168431"
"07/09/2019","AQS","170314201","1","0.07","ppm","100","NORTHBROOK WATER PLANT","17","100.0000","44201","Ozone","16980","Chicago-Naperville-Elgin, IL-IN-WI","17","Illinois","031","Cook","42.139996190948","-87.7992269168431"
"07/10/2019","AQS","170314201","1","0.059","ppm","64","NORTHBROOK WATER PLANT","17","100.0000","44201","Ozone","16980","Chicago-Naperville-Elgin, IL-IN-WI","17","Illinois","031","Cook","42.139996190948","-87.7992269168431"
"07/11/2019","AQS","170314201","1","0.039","ppm","36","NORTHBROOK WATER PLANT","17","100.0000","44201","Ozone","16980","Chicago-Naperville-Elgin, IL-IN-WI","17","Illinois","031","Cook","42.139996190948","-87.7992269168431"
"07/12/2019","AQS","170314201","1","0.054","ppm","50","NORTHBROOK WATER PLANT","17","100.0000","44201","Ozone","16980","Chicago-Naperville-Elgin, IL-IN-WI","17","Illinois","031","Cook","42.139996190948","-87.7992269168431"
"07/13/2019","AQS","170314201","1","0.058","ppm","61","NORTHBROOK WATER PLANT","17","100.0000","44201","Ozone","16980","Chicago-Naperville-Elgin, IL-IN-WI","17","Illinois","031","Cook","42.139996190948","-87.7992269168431"
"07/14/2019","AQS","170314201","1","0.045","ppm","42","NORTHBROOK WATER PLANT","17","100.0000","44201","Ozone","16980","Chicago-Naperville-Elgin, IL-IN-WI","17","Illinois","031","Cook","42.139996190948","-87.7992269168431"
"07/15/2019","AQS","170314201","1","0.043","ppm","40","NORTHBROOK WATER PLANT","17","100.0000","44201","Ozone","16980","Chicago-Naperville-Elgin, IL-IN-WI","17","Illinois","031","Cook","42.139996190948","-87.7992269168431"
"07/16/2019","AQS","170314201","1","0.032","ppm","30","NORTHBROOK WATER PLANT","17","100.0000","44201","Ozone","16980","Chicago-Naperville-Elgin, IL-IN-WI","17","Illinois","031","Cook","42.139996190948","-87.7992269168431"
"07/17/2019","AQS","170314201","1","0.053","ppm","49","NORTHBROOK WATER PLANT","17","100.0000","44201","Ozone","16980","Chicago-Naperville-Elgin, IL-IN-WI","17","Illinois","031","Cook","42.139996190948","-87.7992269168431"
"07/18/2019","AQS","170314201","1","0.046","ppm","43","NORTHBROOK WATER PLANT","17","100.0000","44201","Ozone","16980","Chicago-Naperville-Elgin, IL-IN-WI","17","Illinois","031","Cook","42.139996190948","-87.7992269168431"
"07/19/2019","AQS","170314201","1","0.05","ppm","46","NORTHBROOK WATER PLANT","17","100.0000","44201","Ozone","16980","Chicago-Naperville-Elgin, IL-IN-WI","17","Illinois","031","Cook","42.139996190948","-87.7992269168431"
"07/20/2019","AQS","170314201","1","0.047","ppm","44","NORTHBROOK WATER PLANT","17","100.0000","44201","Ozone","16980","Chicago-Naperville-Elgin, IL-IN-WI","17","Illinois","031","Cook","42.139996190948","-87.7992269168431"
"07/21/2019","AQS","170314201","1","0.034","ppm","31","NORTHBROOK WATER PLANT","17","100.0000","44201","Ozone","16980","Chicago-Naperville-Elgin, IL-IN-WI","17","Illinois","031","Cook","42.139996190948","-87.7992269168431"
"07/22/2019","AQS","170314201","1","0.029","ppm","27","NORTHBROOK WATER PLANT","17","100.0000","44201","Ozone","16980","Chicago-Naperville-Elgin, IL-IN-WI","17","Illinois","031","Cook","42.139996190948","-87.7992269168431"
"07/23/2019","AQS","170314201","1","0.043","ppm","40","NORTHBROOK WATER PLANT","17","100.0000","44201","Ozone","16980","Chicago-Naperville-Elgin, IL-IN-WI","17","Illinois","031","Cook","42.139996190948","-87.7992269168431"
"07/24/2019","AQS","170314201","1","0.033","ppm","31","NORTHBROOK WATER PLANT","17","100.0000","44201","Ozone","16980","Chicago-Naperville-Elgin, IL-IN-WI","17","Illinois","031","Cook","42.139996190948","-87.7992269168431"
"07/25/2019","AQS","170314201","1","0.06","ppm","67","NORTHBROOK WATER PLANT","17","100.0000","44201","Ozone","16980","Chicago-Naperville-Elgin, IL-IN-WI","17","Illinois","031","Cook","42.139996190948","-87.7992269168431"
"07/26/2019","AQS","170314201","1","0.062","ppm","74","NORTHBROOK WATER PLANT","17","100.0000","44201","Ozone","16980","Chicago-Naperville-Elgin, IL-IN-WI","17","Illinois","031","Cook","42.139996190948","-87.7992269168431"
"07/27/2019","AQS","170314201","1","0.059","ppm","64","NORTHBROOK WATER PLANT","17","100.0000","44201","Ozone","16980","Chicago-Naperville-Elgin, IL-IN-WI","17","Illinois","031","Cook","42.139996190948","-87.7992269168431"
"07/28/2019","AQS","170314201","1","0.06","ppm","67","NORTHBROOK WATER PLANT","17","100.0000","44201","Ozone","16980","Chicago-Naperville-Elgin, IL-IN-WI","17","Illinois","031","Cook","42.139996190948","-87.7992269168431"
"07/29/2019","AQS","170314201","1","0.045","ppm","42","NORTHBROOK WATER PLANT","17","100.0000","44201","Ozone","16980","Chicago-Naperville-Elgin, IL-IN-WI","17","Illinois","031","Cook","42.139996190948","-87.7992269168431"
"07/30/2019","AQS","170314201","1","0.029","ppm","27","NORTHBROOK WATER PLANT","17","100.0000","44201","Ozone","16980","Chicago-Naperville-Elgin, IL-IN-WI","17","Illinois","031","Cook","42.139996190948","-87.7992269168431"
"07/31/2019","AQS","170314201","1","0.028","ppm","26","NORTHBROOK WATER PLANT","17","100.0000","44201","Ozone","16980","Chicago-Naperville-Elgin, IL-IN-WI","17","Illinois","031","Cook","42.139996190948","-87.7992269168431"
"08/01/2019","AQS","170314201","1","0.038","ppm","35","NORTHBROOK WATER PLANT","17","100.0000","44201","Ozone","16980","Chicago-Naperville-Elgin, IL-IN-WI","17","Illinois","031","Cook","42.139996190948","-87.7992269168431"
"08/02/2019","AQS","170314201","1","0.053","ppm","49","NORTHBROOK WATER PLANT","17","100.0000","44201","Ozone","16980","Chicago-Naperville-Elgin, IL-IN-WI","17","Illinois","031","Cook","42.139996190948","-87.7992269168431"
"08/03/2019","AQS","170314201","1","0.063","ppm","77","NORTHBROOK WATER PLANT","17","100.0000","44201","Ozone","16980","Chicago-Naperville-Elgin, IL-IN-WI","17","Illinois","031","Cook","42.139996190948","-87.7992269168431"
"08/04/2019","AQS","170314201","1","0.051","ppm","47","NORTHBROOK WATER PLANT","17","100.0000","44201","Ozone","16980","Chicago-Naperville-Elgin, IL-IN-WI","17","Illinois","031","Cook","42.139996190948","-87.7992269168431"
"08/05/2019","AQS","170314201","1","0.061","ppm","71","NORTHBROOK WATER PLANT","17","100.0000","44201","Ozone","16980","Chicago-Naperville-Elgin, IL-IN-WI","17","Illinois","031","Cook","42.139996190948","-87.7992269168431"
"08/06/2019","AQS","170314201","1","0.052","ppm","48","NORTHBROOK WATER PLANT","17","100.0000","44201","Ozone","16980","Chicago-Naperville-Elgin, IL-IN-WI","17","Illinois","031","Cook","42.139996190948","-87.7992269168431"
"08/07/2019","AQS","170314201","1","0.05","ppm","46","NORTHBROOK WATER PLANT","17","100.0000","44201","Ozone","16980","Chicago-Naperville-Elgin, IL-IN-WI","17","Illinois","031","Cook","42.139996190948","-87.7992269168431"
"08/08/2019","AQS","170314201","1","0.04","ppm","37","NORTHBROOK WATER PLANT","17","100.0000","44201","Ozone","16980","Chicago-Naperville-Elgin, IL-IN-WI","17","Illinois","031","Cook","42.139996190948","-87.7992269168431"
"08/09/2019","AQS","170314201","1","0.048","ppm","44","NORTHBROOK WATER PLANT","17","100.0000","44201","Ozone","16980","Chicago-Naperville-Elgin, IL-IN-WI","17","Illinois","031","Cook","42.139996190948","-87.7992269168431"
"08/10/2019","AQS","170314201","1","0.057","ppm","58","NORTHBROOK WATER PLANT","17","100.0000","44201","Ozone","16980","Chicago-Naperville-Elgin, IL-IN-WI","17","Illinois","031","Cook","42.139996190948","-87.7992269168431"
"08/11/2019","AQS","170314201","1","0.059","ppm","64","NORTHBROOK WATER PLANT","17","100.0000","44201","Ozone","16980","Chicago-Naperville-Elgin, IL-IN-WI","17","Illinois","031","Cook","42.139996190948","-87.7992269168431"
"08/12/2019","AQS","170314201","1","0.06","ppm","67","NORTHBROOK WATER PLANT","17","100.0000","44201","Ozone","16980","Chicago-Naperville-Elgin, IL-IN-WI","17","Illinois","031","Cook","42.139996190948","-87.7992269168431"
"08/13/2019","AQS","170314201","1","0.047","ppm","44","NORTHBROOK WATER PLANT","17","100.0000","44201","Ozone","16980","Chicago-Naperville-Elgin, IL-IN-WI","17","Illinois","031","Cook","42.139996190948","-87.7992269168431"
"08/14/2019","AQS","170314201","1","0.043","ppm","40","NORTHBROOK WATER PLANT","17","100.0000","44201","Ozone","16980","Chicago-Naperville-Elgin, IL-IN-WI","17","Illinois","031","Cook","42.139996190948","-87.7992269168431"
"08/15/2019","AQS","170314201","1","0.033","ppm","31","NORTHBROOK WATER PLANT","17","100.0000","44201","Ozone","16980","Chicago-Naperville-Elgin, IL-IN-WI","17","Illinois","031","Cook","42.139996190948","-87.7992269168431"
"08/16/2019","AQS","170314201","1","0.048","ppm","44","NORTHBROOK WATER PLANT","17","100.0000","44201","Ozone","16980","Chicago-Naperville-Elgin, IL-IN-WI","17","Illinois","031","Cook","42.139996190948","-87.7992269168431"
"08/17/2019","AQS","170314201","1","0.034","ppm","31","NORTHBROOK WATER PLANT","17","100.0000","44201","Ozone","16980","Chicago-Naperville-Elgin, IL-IN-WI","17","Illinois","031","Cook","42.139996190948","-87.7992269168431"
"08/18/2019","AQS","170314201","1","0.045","ppm","42","NORTHBROOK WATER PLANT","17","100.0000","44201","Ozone","16980","Chicago-Naperville-Elgin, IL-IN-WI","17","Illinois","031","Cook","42.139996190948","-87.7992269168431"
"08/19/2019","AQS","170314201","1","0.047","ppm","44","NORTHBROOK WATER PLANT","17","100.0000","44201","Ozone","16980","Chicago-Naperville-Elgin, IL-IN-WI","17","Illinois","031","Cook","42.139996190948","-87.7992269168431"
"08/20/2019","AQS","170314201","1","0.034","ppm","31","NORTHBROOK WATER PLANT","17","100.0000","44201","Ozone","16980","Chicago-Naperville-Elgin, IL-IN-WI","17","Illinois","031","Cook","42.139996190948","-87.7992269168431"
"08/21/2019","AQS","170314201","1","0.043","ppm","40","NORTHBROOK WATER PLANT","17","100.0000","44201","Ozone","16980","Chicago-Naperville-Elgin, IL-IN-WI","17","Illinois","031","Cook","42.139996190948","-87.7992269168431"
"08/22/2019","AQS","170314201","1","0.031","ppm","29","NORTHBROOK WATER PLANT","17","100.0000","44201","Ozone","16980","Chicago-Naperville-Elgin, IL-IN-WI","17","Illinois","031","Cook","42.139996190948","-87.7992269168431"
"08/23/2019","AQS","170314201","1","0.029","ppm","27","NORTHBROOK WATER PLANT","17","100.0000","44201","Ozone","16980","Chicago-Naperville-Elgin, IL-IN-WI","17","Illinois","031","Cook","42.139996190948","-87.7992269168431"
"08/24/2019","AQS","170314201","1","0.033","ppm","31","NORTHBROOK WATER PLANT","17","100.0000","44201","Ozone","16980","Chicago-Naperville-Elgin, IL-IN-WI","17","Illinois","031","Cook","42.139996190948","-87.7992269168431"
"08/25/2019","AQS","170314201","1","0.044","ppm","41","NORTHBROOK WATER PLANT","17","100.0000","44201","Ozone","16980","Chicago-Naperville-Elgin, IL-IN-WI","17","Illinois","031","Cook","42.139996190948","-87.7992269168431"
"08/26/2019","AQS","170314201","1","0.028","ppm","26","NORTHBROOK WATER PLANT","17","100.0000","44201","Ozone","16980","Chicago-Naperville-Elgin, IL-IN-WI","17","Illinois","031","Cook","42.139996190948","-87.7992269168431"
"08/27/2019","AQS","170314201","1","0.037","ppm","34","NORTHBROOK WATER PLANT","17","100.0000","44201","Ozone","16980","Chicago-Naperville-Elgin, IL-IN-WI","17","Illinois","031","Cook","42.139996190948","-87.7992269168431"
"08/28/2019","AQS","170314201","1","0.032","ppm","30","NORTHBROOK WATER PLANT","17","100.0000","44201","Ozone","16980","Chicago-Naperville-Elgin, IL-IN-WI","17","Illinois","031","Cook","42.139996190948","-87.7992269168431"
"08/29/2019","AQS","170314201","1","0.048","ppm","44","NORTHBROOK WATER PLANT","17","100.0000","44201","Ozone","16980","Chicago-Naperville-Elgin, IL-IN-WI","17","Illinois","031","Cook","42.139996190948","-87.7992269168431"
"08/30/2019","AirNow","170314201","1","0.045","ppm","42","NORTHBROOK WATER PLANT","18","75.0000","44201","Ozone","16980","Chicago-Naperville-Elgin, IL-IN-WI","17","Illinois","031","Cook","42.139996190948","-87.7992269168431"
"08/31/2019","AQS","170314201","1","0.038","ppm","35","NORTHBROOK WATER PLANT","17","100.0000","44201","Ozone","16980","Chicago-Naperville-Elgin, IL-IN-WI","17","Illinois","031","Cook","42.139996190948","-87.7992269168431"
"09/01/2019","AQS","170314201","1","0.046","ppm","43","NORTHBROOK WATER PLANT","17","100.0000","44201","Ozone","16980","Chicago-Naperville-Elgin, IL-IN-WI","17","Illinois","031","Cook","42.139996190948","-87.7992269168431"
"09/02/2019","AQS","170314201","1","0.042","ppm","39","NORTHBROOK WATER PLANT","17","100.0000","44201","Ozone","16980","Chicago-Naperville-Elgin, IL-IN-WI","17","Illinois","031","Cook","42.139996190948","-87.7992269168431"
"09/03/2019","AQS","170314201","1","0.033","ppm","31","NORTHBROOK WATER PLANT","17","100.0000","44201","Ozone","16980","Chicago-Naperville-Elgin, IL-IN-WI","17","Illinois","031","Cook","42.139996190948","-87.7992269168431"
"09/04/2019","AQS","170314201","1","0.025","ppm","23","NORTHBROOK WATER PLANT","17","100.0000","44201","Ozone","16980","Chicago-Naperville-Elgin, IL-IN-WI","17","Illinois","031","Cook","42.139996190948","-87.7992269168431"
"09/05/2019","AQS","170314201","1","0.036","ppm","33","NORTHBROOK WATER PLANT","17","100.0000","44201","Ozone","16980","Chicago-Naperville-Elgin, IL-IN-WI","17","Illinois","031","Cook","42.139996190948","-87.7992269168431"
"09/06/2019","AQS","170314201","1","0.027","ppm","25","NORTHBROOK WATER PLANT","17","100.0000","44201","Ozone","16980","Chicago-Naperville-Elgin, IL-IN-WI","17","Illinois","031","Cook","42.139996190948","-87.7992269168431"
"09/07/2019","AQS","170314201","1","0.038","ppm","35","NORTHBROOK WATER PLANT","17","100.0000","44201","Ozone","16980","Chicago-Naperville-Elgin, IL-IN-WI","17","Illinois","031","Cook","42.139996190948","-87.7992269168431"
"09/08/2019","AQS","170314201","1","0.021","ppm","19","NORTHBROOK WATER PLANT","17","100.0000","44201","Ozone","16980","Chicago-Naperville-Elgin, IL-IN-WI","17","Illinois","031","Cook","42.139996190948","-87.7992269168431"
"09/09/2019","AQS","170314201","1","0.036","ppm","33","NORTHBROOK WATER PLANT","17","100.0000","44201","Ozone","16980","Chicago-Naperville-Elgin, IL-IN-WI","17","Illinois","031","Cook","42.139996190948","-87.7992269168431"
"09/10/2019","AQS","170314201","1","0.051","ppm","47","NORTHBROOK WATER PLANT","17","100.0000","44201","Ozone","16980","Chicago-Naperville-Elgin, IL-IN-WI","17","Illinois","031","Cook","42.139996190948","-87.7992269168431"
"09/11/2019","AQS","170314201","1","0.049","ppm","45","NORTHBROOK WATER PLANT","17","100.0000","44201","Ozone","16980","Chicago-Naperville-Elgin, IL-IN-WI","17","Illinois","031","Cook","42.139996190948","-87.7992269168431"
"09/12/2019","AQS","170314201","1","0.036","ppm","33","NORTHBROOK WATER PLANT","17","100.0000","44201","Ozone","16980","Chicago-Naperville-Elgin, IL-IN-WI","17","Illinois","031","Cook","42.139996190948","-87.7992269168431"
"09/13/2019","AQS","170314201","1","0.026","ppm","24","NORTHBROOK WATER PLANT","17","100.0000","44201","Ozone","16980","Chicago-Naperville-Elgin, IL-IN-WI","17","Illinois","031","Cook","42.139996190948","-87.7992269168431"
"09/14/2019","AQS","170314201","1","0.039","ppm","36","NORTHBROOK WATER PLANT","17","100.0000","44201","Ozone","16980","Chicago-Naperville-Elgin, IL-IN-WI","17","Illinois","031","Cook","42.139996190948","-87.7992269168431"
"09/15/2019","AQS","170314201","1","0.038","ppm","35","NORTHBROOK WATER PLANT","17","100.0000","44201","Ozone","16980","Chicago-Naperville-Elgin, IL-IN-WI","17","Illinois","031","Cook","42.139996190948","-87.7992269168431"
"09/16/2019","AQS","170314201","1","0.042","ppm","39","NORTHBROOK WATER PLANT","17","100.0000","44201","Ozone","16980","Chicago-Naperville-Elgin, IL-IN-WI","17","Illinois","031","Cook","42.139996190948","-87.7992269168431"
"09/17/2019","AQS","170314201","1","0.045","ppm","42","NORTHBROOK WATER PLANT","17","100.0000","44201","Ozone","16980","Chicago-Naperville-Elgin, IL-IN-WI","17","Illinois","031","Cook","42.139996190948","-87.7992269168431"
"09/18/2019","AQS","170314201","1","0.056","ppm","54","NORTHBROOK WATER PLANT","17","100.0000","44201","Ozone","16980","Chicago-Naperville-Elgin, IL-IN-WI","17","Illinois","031","Cook","42.139996190948","-87.7992269168431"
"09/19/2019","AQS","170314201","1","0.057","ppm","58","NORTHBROOK WATER PLANT","17","100.0000","44201","Ozone","16980","Chicago-Naperville-Elgin, IL-IN-WI","17","Illinois","031","Cook","42.139996190948","-87.7992269168431"
"09/20/2019","AQS","170314201","1","0.055","ppm","51","NORTHBROOK WATER PLANT","17","100.0000","44201","Ozone","16980","Chicago-Naperville-Elgin, IL-IN-WI","17","Illinois","031","Cook","42.139996190948","-87.7992269168431"
"09/21/2019","AQS","170314201","1","0.032","ppm","30","NORTHBROOK WATER PLANT","17","100.0000","44201","Ozone","16980","Chicago-Naperville-Elgin, IL-IN-WI","17","Illinois","031","Cook","42.139996190948","-87.7992269168431"
"09/22/2019","AQS","170314201","1","0.031","ppm","29","NORTHBROOK WATER PLANT","17","100.0000","44201","Ozone","16980","Chicago-Naperville-Elgin, IL-IN-WI","17","Illinois","031","Cook","42.139996190948","-87.7992269168431"
"09/23/2019","AQS","170314201","1","0.031","ppm","29","NORTHBROOK WATER PLANT","17","100.0000","44201","Ozone","16980","Chicago-Naperville-Elgin, IL-IN-WI","17","Illinois","031","Cook","42.139996190948","-87.7992269168431"
"09/24/2019","AQS","170314201","1","0.044","ppm","41","NORTHBROOK WATER PLANT","17","100.0000","44201","Ozone","16980","Chicago-Naperville-Elgin, IL-IN-WI","17","Illinois","031","Cook","42.139996190948","-87.7992269168431"
"09/25/2019","AQS","170314201","1","0.037","ppm","34","NORTHBROOK WATER PLANT","17","100.0000","44201","Ozone","16980","Chicago-Naperville-Elgin, IL-IN-WI","17","Illinois","031","Cook","42.139996190948","-87.7992269168431"
"09/26/2019","AQS","170314201","1","0.037","ppm","34","NORTHBROOK WATER PLANT","17","100.0000","44201","Ozone","16980","Chicago-Naperville-Elgin, IL-IN-WI","17","Illinois","031","Cook","42.139996190948","-87.7992269168431"
"09/27/2019","AQS","170314201","1","0.027","ppm","25","NORTHBROOK WATER PLANT","17","100.0000","44201","Ozone","16980","Chicago-Naperville-Elgin, IL-IN-WI","17","Illinois","031","Cook","42.139996190948","-87.7992269168431"
"09/28/2019","AQS","170314201","1","0.029","ppm","27","NORTHBROOK WATER PLANT","17","100.0000","44201","Ozone","16980","Chicago-Naperville-Elgin, IL-IN-WI","17","Illinois","031","Cook","42.139996190948","-87.7992269168431"
"09/29/2019","AQS","170314201","1","0.02","ppm","19","NORTHBROOK WATER PLANT","17","100.0000","44201","Ozone","16980","Chicago-Naperville-Elgin, IL-IN-WI","17","Illinois","031","Cook","42.139996190948","-87.7992269168431"
"09/30/2019","AQS","170314201","1","0.04","ppm","37","NORTHBROOK WATER PLANT","17","100.0000","44201","Ozone","16980","Chicago-Naperville-Elgin, IL-IN-WI","17","Illinois","031","Cook","42.139996190948","-87.7992269168431"
"10/01/2019","AQS","170314201","1","0.043","ppm","40","NORTHBROOK WATER PLANT","17","100.0000","44201","Ozone","16980","Chicago-Naperville-Elgin, IL-IN-WI","17","Illinois","031","Cook","42.139996190948","-87.7992269168431"
"10/02/2019","AQS","170314201","1","0.026","ppm","24","NORTHBROOK WATER PLANT","17","100.0000","44201","Ozone","16980","Chicago-Naperville-Elgin, IL-IN-WI","17","Illinois","031","Cook","42.139996190948","-87.7992269168431"
"10/03/2019","AQS","170314201","1","0.018","ppm","17","NORTHBROOK WATER PLANT","17","100.0000","44201","Ozone","16980","Chicago-Naperville-Elgin, IL-IN-WI","17","Illinois","031","Cook","42.139996190948","-87.7992269168431"
"10/04/2019","AQS","170314201","1","0.032","ppm","30","NORTHBROOK WATER PLANT","17","100.0000","44201","Ozone","16980","Chicago-Naperville-Elgin, IL-IN-WI","17","Illinois","031","Cook","42.139996190948","-87.7992269168431"
"10/05/2019","AQS","170314201","1","0.026","ppm","24","NORTHBROOK WATER PLANT","17","100.0000","44201","Ozone","16980","Chicago-Naperville-Elgin, IL-IN-WI","17","Illinois","031","Cook","42.139996190948","-87.7992269168431"
"10/06/2019","AQS","170314201","1","0.032","ppm","30","NORTHBROOK WATER PLANT","17","100.0000","44201","Ozone","16980","Chicago-Naperville-Elgin, IL-IN-WI","17","Illinois","031","Cook","42.139996190948","-87.7992269168431"
"10/07/2019","AQS","170314201","1","0.033","ppm","31","NORTHBROOK WATER PLANT","17","100.0000","44201","Ozone","16980","Chicago-Naperville-Elgin, IL-IN-WI","17","Illinois","031","Cook","42.139996190948","-87.7992269168431"
"10/08/2019","AQS","170314201","1","0.031","ppm","29","NORTHBROOK WATER PLANT","17","100.0000","44201","Ozone","16980","Chicago-Naperville-Elgin, IL-IN-WI","17","Illinois","031","Cook","42.139996190948","-87.7992269168431"
"10/09/2019","AQS","170314201","1","0.047","ppm","44","NORTHBROOK WATER PLANT","17","100.0000","44201","Ozone","16980","Chicago-Naperville-Elgin, IL-IN-WI","17","Illinois","031","Cook","42.139996190948","-87.7992269168431"
"10/10/2019","AQS","170314201","1","0.029","ppm","27","NORTHBROOK WATER PLANT","17","100.0000","44201","Ozone","16980","Chicago-Naperville-Elgin, IL-IN-WI","17","Illinois","031","Cook","42.139996190948","-87.7992269168431"
"10/11/2019","AQS","170314201","1","0.03","ppm","28","NORTHBROOK WATER PLANT","17","100.0000","44201","Ozone","16980","Chicago-Naperville-Elgin, IL-IN-WI","17","Illinois","031","Cook","42.139996190948","-87.7992269168431"
"10/12/2019","AQS","170314201","1","0.038","ppm","35","NORTHBROOK WATER PLANT","17","100.0000","44201","Ozone","16980","Chicago-Naperville-Elgin, IL-IN-WI","17","Illinois","031","Cook","42.139996190948","-87.7992269168431"
"10/13/2019","AQS","170314201","1","0.03","ppm","28","NORTHBROOK WATER PLANT","17","100.0000","44201","Ozone","16980","Chicago-Naperville-Elgin, IL-IN-WI","17","Illinois","031","Cook","42.139996190948","-87.7992269168431"
"10/14/2019","AQS","170314201","1","0.028","ppm","26","NORTHBROOK WATER PLANT","17","100.0000","44201","Ozone","16980","Chicago-Naperville-Elgin, IL-IN-WI","17","Illinois","031","Cook","42.139996190948","-87.7992269168431"
"10/15/2019","AQS","170314201","1","0.029","ppm","27","NORTHBROOK WATER PLANT","17","100.0000","44201","Ozone","16980","Chicago-Naperville-Elgin, IL-IN-WI","17","Illinois","031","Cook","42.139996190948","-87.7992269168431"
"10/16/2019","AQS","170314201","1","0.023","ppm","21","NORTHBROOK WATER PLANT","17","100.0000","44201","Ozone","16980","Chicago-Naperville-Elgin, IL-IN-WI","17","Illinois","031","Cook","42.139996190948","-87.7992269168431"
"10/17/2019","AQS","170314201","1","0.02","ppm","19","NORTHBROOK WATER PLANT","17","100.0000","44201","Ozone","16980","Chicago-Naperville-Elgin, IL-IN-WI","17","Illinois","031","Cook","42.139996190948","-87.7992269168431"
"10/18/2019","AQS","170314201","1","0.024","ppm","22","NORTHBROOK WATER PLANT","17","100.0000","44201","Ozone","16980","Chicago-Naperville-Elgin, IL-IN-WI","17","Illinois","031","Cook","42.139996190948","-87.7992269168431"
"10/19/2019","AQS","170314201","1","0.038","ppm","35","NORTHBROOK WATER PLANT","17","100.0000","44201","Ozone","16980","Chicago-Naperville-Elgin, IL-IN-WI","17","Illinois","031","Cook","42.139996190948","-87.7992269168431"
"10/20/2019","AQS","170314201","1","0.036","ppm","33","NORTHBROOK WATER PLANT","17","100.0000","44201","Ozone","16980","Chicago-Naperville-Elgin, IL-IN-WI","17","Illinois","031","Cook","42.139996190948","-87.7992269168431"
"10/21/2019","AQS","170314201","1","0.033","ppm","31","NORTHBROOK WATER PLANT","17","100.0000","44201","Ozone","16980","Chicago-Naperville-Elgin, IL-IN-WI","17","Illinois","031","Cook","42.139996190948","-87.7992269168431"
"10/22/2019","AQS","170314201","1","0.027","ppm","25","NORTHBROOK WATER PLANT","17","100.0000","44201","Ozone","16980","Chicago-Naperville-Elgin, IL-IN-WI","17","Illinois","031","Cook","42.139996190948","-87.7992269168431"
"10/23/2019","AQS","170314201","1","0.021","ppm","19","NORTHBROOK WATER PLANT","17","100.0000","44201","Ozone","16980","Chicago-Naperville-Elgin, IL-IN-WI","17","Illinois","031","Cook","42.139996190948","-87.7992269168431"
"10/24/2019","AQS","170314201","1","0.024","ppm","22","NORTHBROOK WATER PLANT","17","100.0000","44201","Ozone","16980","Chicago-Naperville-Elgin, IL-IN-WI","17","Illinois","031","Cook","42.139996190948","-87.7992269168431"
"10/25/2019","AQS","170314201","1","0.023","ppm","21","NORTHBROOK WATER PLANT","17","100.0000","44201","Ozone","16980","Chicago-Naperville-Elgin, IL-IN-WI","17","Illinois","031","Cook","42.139996190948","-87.7992269168431"
"10/26/2019","AQS","170314201","1","0.024","ppm","22","NORTHBROOK WATER PLANT","17","100.0000","44201","Ozone","16980","Chicago-Naperville-Elgin, IL-IN-WI","17","Illinois","031","Cook","42.139996190948","-87.7992269168431"
"10/27/2019","AQS","170314201","1","0.032","ppm","30","NORTHBROOK WATER PLANT","17","100.0000","44201","Ozone","16980","Chicago-Naperville-Elgin, IL-IN-WI","17","Illinois","031","Cook","42.139996190948","-87.7992269168431"
"10/28/2019","AQS","170314201","1","0.015","ppm","14","NORTHBROOK WATER PLANT","17","100.0000","44201","Ozone","16980","Chicago-Naperville-Elgin, IL-IN-WI","17","Illinois","031","Cook","42.139996190948","-87.7992269168431"
"10/29/2019","AQS","170314201","1","0.022","ppm","20","NORTHBROOK WATER PLANT","17","100.0000","44201","Ozone","16980","Chicago-Naperville-Elgin, IL-IN-WI","17","Illinois","031","Cook","42.139996190948","-87.7992269168431"
"10/30/2019","AQS","170314201","1","0.033","ppm","31","NORTHBROOK WATER PLANT","17","100.0000","44201","Ozone","16980","Chicago-Naperville-Elgin, IL-IN-WI","17","Illinois","031","Cook","42.139996190948","-87.7992269168431"
"10/31/2019","AQS","170314201","1","0.023","ppm","21","NORTHBROOK WATER PLANT","17","100.0000","44201","Ozone","16980","Chicago-Naperville-Elgin, IL-IN-WI","17","Illinois","031","Cook","42.139996190948","-87.7992269168431"
"11/01/2019","AQS","170314201","1","0.024","ppm","22","NORTHBROOK WATER PLANT","17","100.0000","44201","Ozone","16980","Chicago-Naperville-Elgin, IL-IN-WI","17","Illinois","031","Cook","42.139996190948","-87.7992269168431"
"11/02/2019","AQS","170314201","1","0.023","ppm","21","NORTHBROOK WATER PLANT","17","100.0000","44201","Ozone","16980","Chicago-Naperville-Elgin, IL-IN-WI","17","Illinois","031","Cook","42.139996190948","-87.7992269168431"
"11/03/2019","AQS","170314201","1","0.029","ppm","27","NORTHBROOK WATER PLANT","17","100.0000","44201","Ozone","16980","Chicago-Naperville-Elgin, IL-IN-WI","17","Illinois","031","Cook","42.139996190948","-87.7992269168431"
"11/04/2019","AQS","170314201","1","0.029","ppm","27","NORTHBROOK WATER PLANT","17","100.0000","44201","Ozone","16980","Chicago-Naperville-Elgin, IL-IN-WI","17","Illinois","031","Cook","42.139996190948","-87.7992269168431"
"11/05/2019","AQS","170314201","1","0.027","ppm","25","NORTHBROOK WATER PLANT","17","100.0000","44201","Ozone","16980","Chicago-Naperville-Elgin, IL-IN-WI","17","Illinois","031","Cook","42.139996190948","-87.7992269168431"
"11/06/2019","AQS","170314201","1","0.025","ppm","23","NORTHBROOK WATER PLANT","17","100.0000","44201","Ozone","16980","Chicago-Naperville-Elgin, IL-IN-WI","17","Illinois","031","Cook","42.139996190948","-87.7992269168431"
"11/07/2019","AQS","170314201","1","0.029","ppm","27","NORTHBROOK WATER PLANT","17","100.0000","44201","Ozone","16980","Chicago-Naperville-Elgin, IL-IN-WI","17","Illinois","031","Cook","42.139996190948","-87.7992269168431"
"11/08/2019","AQS","170314201","1","0.027","ppm","25","NORTHBROOK WATER PLANT","17","100.0000","44201","Ozone","16980","Chicago-Naperville-Elgin, IL-IN-WI","17","Illinois","031","Cook","42.139996190948","-87.7992269168431"
"11/09/2019","AQS","170314201","1","0.024","ppm","22","NORTHBROOK WATER PLANT","17","100.0000","44201","Ozone","16980","Chicago-Naperville-Elgin, IL-IN-WI","17","Illinois","031","Cook","42.139996190948","-87.7992269168431"
"11/10/2019","AQS","170314201","1","0.029","ppm","27","NORTHBROOK WATER PLANT","17","100.0000","44201","Ozone","16980","Chicago-Naperville-Elgin, IL-IN-WI","17","Illinois","031","Cook","42.139996190948","-87.7992269168431"
"11/11/2019","AQS","170314201","1","0.031","ppm","29","NORTHBROOK WATER PLANT","17","100.0000","44201","Ozone","16980","Chicago-Naperville-Elgin, IL-IN-WI","17","Illinois","031","Cook","42.139996190948","-87.7992269168431"
"11/12/2019","AQS","170314201","1","0.03","ppm","28","NORTHBROOK WATER PLANT","17","100.0000","44201","Ozone","16980","Chicago-Naperville-Elgin, IL-IN-WI","17","Illinois","031","Cook","42.139996190948","-87.7992269168431"
"11/13/2019","AQS","170314201","1","0.024","ppm","22","NORTHBROOK WATER PLANT","17","100.0000","44201","Ozone","16980","Chicago-Naperville-Elgin, IL-IN-WI","17","Illinois","031","Cook","42.139996190948","-87.7992269168431"
"11/14/2019","AQS","170314201","1","0.021","ppm","19","NORTHBROOK WATER PLANT","17","100.0000","44201","Ozone","16980","Chicago-Naperville-Elgin, IL-IN-WI","17","Illinois","031","Cook","42.139996190948","-87.7992269168431"
"11/15/2019","AQS","170314201","1","0.026","ppm","24","NORTHBROOK WATER PLANT","17","100.0000","44201","Ozone","16980","Chicago-Naperville-Elgin, IL-IN-WI","17","Illinois","031","Cook","42.139996190948","-87.7992269168431"
"11/16/2019","AQS","170314201","1","0.027","ppm","25","NORTHBROOK WATER PLANT","17","100.0000","44201","Ozone","16980","Chicago-Naperville-Elgin, IL-IN-WI","17","Illinois","031","Cook","42.139996190948","-87.7992269168431"
"11/17/2019","AQS","170314201","1","0.015","ppm","14","NORTHBROOK WATER PLANT","17","100.0000","44201","Ozone","16980","Chicago-Naperville-Elgin, IL-IN-WI","17","Illinois","031","Cook","42.139996190948","-87.7992269168431"
"11/18/2019","AQS","170314201","1","0.013","ppm","12","NORTHBROOK WATER PLANT","17","100.0000","44201","Ozone","16980","Chicago-Naperville-Elgin, IL-IN-WI","17","Illinois","031","Cook","42.139996190948","-87.7992269168431"
"11/19/2019","AQS","170314201","1","0.011","ppm","10","NORTHBROOK WATER PLANT","17","100.0000","44201","Ozone","16980","Chicago-Naperville-Elgin, IL-IN-WI","17","Illinois","031","Cook","42.139996190948","-87.7992269168431"
"11/20/2019","AQS","170314201","1","0.014","ppm","13","NORTHBROOK WATER PLANT","17","100.0000","44201","Ozone","16980","Chicago-Naperville-Elgin, IL-IN-WI","17","Illinois","031","Cook","42.139996190948","-87.7992269168431"
"12/01/2019","AQS","170314201","1","0.033","ppm","31","NORTHBROOK WATER PLANT","17","100.0000","44201","Ozone","16980","Chicago-Naperville-Elgin, IL-IN-WI","17","Illinois","031","Cook","42.139996190948","-87.7992269168431"
"12/02/2019","AQS","170314201","1","0.031","ppm","29","NORTHBROOK WATER PLANT","17","100.0000","44201","Ozone","16980","Chicago-Naperville-Elgin, IL-IN-WI","17","Illinois","031","Cook","42.139996190948","-87.7992269168431"
"12/06/2019","AQS","170314201","1","0.029","ppm","27","NORTHBROOK WATER PLANT","17","100.0000","44201","Ozone","16980","Chicago-Naperville-Elgin, IL-IN-WI","17","Illinois","031","Cook","42.139996190948","-87.7992269168431"
"12/07/2019","AQS","170314201","1","0.019","ppm","18","NORTHBROOK WATER PLANT","17","100.0000","44201","Ozone","16980","Chicago-Naperville-Elgin, IL-IN-WI","17","Illinois","031","Cook","42.139996190948","-87.7992269168431"
"12/08/2019","AQS","170314201","1","0.019","ppm","18","NORTHBROOK WATER PLANT","17","100.0000","44201","Ozone","16980","Chicago-Naperville-Elgin, IL-IN-WI","17","Illinois","031","Cook","42.139996190948","-87.7992269168431"
"12/09/2019","AQS","170314201","1","0.024","ppm","22","NORTHBROOK WATER PLANT","17","100.0000","44201","Ozone","16980","Chicago-Naperville-Elgin, IL-IN-WI","17","Illinois","031","Cook","42.139996190948","-87.7992269168431"
"12/10/2019","AQS","170314201","1","0.029","ppm","27","NORTHBROOK WATER PLANT","17","100.0000","44201","Ozone","16980","Chicago-Naperville-Elgin, IL-IN-WI","17","Illinois","031","Cook","42.139996190948","-87.7992269168431"
"12/11/2019","AQS","170314201","1","0.026","ppm","24","NORTHBROOK WATER PLANT","17","100.0000","44201","Ozone","16980","Chicago-Naperville-Elgin, IL-IN-WI","17","Illinois","031","Cook","42.139996190948","-87.7992269168431"
"12/12/2019","AQS","170314201","1","0.02","ppm","19","NORTHBROOK WATER PLANT","17","100.0000","44201","Ozone","16980","Chicago-Naperville-Elgin, IL-IN-WI","17","Illinois","031","Cook","42.139996190948","-87.7992269168431"
"12/13/2019","AQS","170314201","1","0.01","ppm","9","NORTHBROOK WATER PLANT","17","100.0000","44201","Ozone","16980","Chicago-Naperville-Elgin, IL-IN-WI","17","Illinois","031","Cook","42.139996190948","-87.7992269168431"
"12/14/2019","AQS","170314201","1","0.024","ppm","22","NORTHBROOK WATER PLANT","17","100.0000","44201","Ozone","16980","Chicago-Naperville-Elgin, IL-IN-WI","17","Illinois","031","Cook","42.139996190948","-87.7992269168431"
"12/15/2019","AQS","170314201","1","0.023","ppm","21","NORTHBROOK WATER PLANT","17","100.0000","44201","Ozone","16980","Chicago-Naperville-Elgin, IL-IN-WI","17","Illinois","031","Cook","42.139996190948","-87.7992269168431"
"12/16/2019","AQS","170314201","1","0.024","ppm","22","NORTHBROOK WATER PLANT","17","100.0000","44201","Ozone","16980","Chicago-Naperville-Elgin, IL-IN-WI","17","Illinois","031","Cook","42.139996190948","-87.7992269168431"
"12/17/2019","AQS","170314201","1","0.027","ppm","25","NORTHBROOK WATER PLANT","17","100.0000","44201","Ozone","16980","Chicago-Naperville-Elgin, IL-IN-WI","17","Illinois","031","Cook","42.139996190948","-87.7992269168431"
"12/18/2019","AQS","170314201","1","0.031","ppm","29","NORTHBROOK WATER PLANT","17","100.0000","44201","Ozone","16980","Chicago-Naperville-Elgin, IL-IN-WI","17","Illinois","031","Cook","42.139996190948","-87.7992269168431"
"12/19/2019","AQS","170314201","1","0.021","ppm","19","NORTHBROOK WATER PLANT","17","100.0000","44201","Ozone","16980","Chicago-Naperville-Elgin, IL-IN-WI","17","Illinois","031","Cook","42.139996190948","-87.7992269168431"
"12/20/2019","AQS","170314201","1","0.011","ppm","10","NORTHBROOK WATER PLANT","17","100.0000","44201","Ozone","16980","Chicago-Naperville-Elgin, IL-IN-WI","17","Illinois","031","Cook","42.139996190948","-87.7992269168431"
"12/21/2019","AQS","170314201","1","0.026","ppm","24","NORTHBROOK WATER PLANT","17","100.0000","44201","Ozone","16980","Chicago-Naperville-Elgin, IL-IN-WI","17","Illinois","031","Cook","42.139996190948","-87.7992269168431"
"12/22/2019","AQS","170314201","1","0.032","ppm","30","NORTHBROOK WATER PLANT","17","100.0000","44201","Ozone","16980","Chicago-Naperville-Elgin, IL-IN-WI","17","Illinois","031","Cook","42.139996190948","-87.7992269168431"
"12/23/2019","AQS","170314201","1","0.023","ppm","21","NORTHBROOK WATER PLANT","17","100.0000","44201","Ozone","16980","Chicago-Naperville-Elgin, IL-IN-WI","17","Illinois","031","Cook","42.139996190948","-87.7992269168431"
"12/24/2019","AQS","170314201","1","0.027","ppm","25","NORTHBROOK WATER PLANT","17","100.0000","44201","Ozone","16980","Chicago-Naperville-Elgin, IL-IN-WI","17","Illinois","031","Cook","42.139996190948","-87.7992269168431"
"12/25/2019","AQS","170314201","1","0.029","ppm","27","NORTHBROOK WATER PLANT","17","100.0000","44201","Ozone","16980","Chicago-Naperville-Elgin, IL-IN-WI","17","Illinois","031","Cook","42.139996190948","-87.7992269168431"
"12/26/2019","AQS","170314201","1","0.031","ppm","29","NORTHBROOK WATER PLANT","17","100.0000","44201","Ozone","16980","Chicago-Naperville-Elgin, IL-IN-WI","17","Illinois","031","Cook","42.139996190948","-87.7992269168431"
"12/27/2019","AQS","170314201","1","0.018","ppm","17","NORTHBROOK WATER PLANT","17","100.0000","44201","Ozone","16980","Chicago-Naperville-Elgin, IL-IN-WI","17","Illinois","031","Cook","42.139996190948","-87.7992269168431"
"12/28/2019","AQS","170314201","1","0.013","ppm","12","NORTHBROOK WATER PLANT","17","100.0000","44201","Ozone","16980","Chicago-Naperville-Elgin, IL-IN-WI","17","Illinois","031","Cook","42.139996190948","-87.7992269168431"
"12/29/2019","AQS","170314201","1","0.027","ppm","25","NORTHBROOK WATER PLANT","17","100.0000","44201","Ozone","16980","Chicago-Naperville-Elgin, IL-IN-WI","17","Illinois","031","Cook","42.139996190948","-87.7992269168431"
"12/30/2019","AQS","170314201","1","0.025","ppm","23","NORTHBROOK WATER PLANT","17","100.0000","44201","Ozone","16980","Chicago-Naperville-Elgin, IL-IN-WI","17","Illinois","031","Cook","42.139996190948","-87.7992269168431"
"12/31/2019","AirNow","170314201","1","0.028","ppm","26","NORTHBROOK WATER PLANT","19","79.0000","44201","Ozone","16980","Chicago-Naperville-Elgin, IL-IN-WI","17","Illinois","031","Cook","42.139996190948","-87.7992269168431"
